{
  "fold_results": [
    {
      "fold": 1,
      "accuracy": 0.8990825688073395,
      "f1_macro": 0.8943680401605811,
      "f1_weighted": 0.894322710795646,
      "train_size": 598,
      "val_size": 1199
    },
    {
      "fold": 2,
      "accuracy": 0.9331103678929766,
      "f1_macro": 0.9260536018486075,
      "f1_weighted": 0.9262948092652594,
      "train_size": 1199,
      "val_size": 598
    }
  ],
  "accuracy_mean": 0.916096468350158,
  "accuracy_std": 0.017013899542818567,
  "f1_macro_mean": 0.9102108210045943,
  "f1_macro_std": 0.015842780844013193,
  "f1_weighted_mean": 0.9103087600304527,
  "f1_weighted_std": 0.015986049234806732
}